Fecha de Creación,País,Estado,Ciudad
2025-11-28,México,Ciudad de México,Coyoacán
2025-12-09,México,Jalisco,El Limón
2025-08-21,México,Ciudad de México,Benito Juárez
2025-11-13,México,Nuevo León,Santa Catarina
2025-10-13,México,Estado de México,Chimalhuacán
2025-10-06,México,Querétaro,Tequisquiapan
2025-10-01,México,Ciudad de México,Cuauhtémoc
2025-09-22,México,Jalisco,Guadalajara
2025-12-09,México,Michoacán de Ocampo,Morelia
2025-09-08,México,Yucatán,Mérida
2025-10-02,México,Nuevo León,Guadalupe
2026-01-05,México,Nuevo León,Guadalupe
2025-10-25,México,Jalisco,Zapotlán El Grande
2025-09-11,Estados Unidos,Nueva York,The Bronx
2025-12-02,México,Coahuila De Zaragoza,Torreón
2025-08-18,México,Baja California,Mexicali
2025-11-11,México,Sinaloa,Mazatlán
2025-08-27,México,Sinaloa,Mazatlán
2025-12-19,México,Guanajuato,Dolores Hidalgo Cuna De La Independencia Nacional
2025-09-27,México,Hidalgo,Tizayuca
2025-11-07,México,Jalisco,Tala
2025-11-18,México,Michoacán de Ocampo,Morelia
2025-09-23,Estados Unidos,Maryland,Laurel
2025-10-03,México,Jalisco,Guadalajara
2025-11-28,México,Michoacán de Ocampo,Morelia
2025-12-01,México,Estado de México,Tianguistenco
2025-12-21,México,Jalisco,Tonalá
2025-12-03,México,Tamaulipas,Matamoros
2025-09-12,Peru,Provincia De Lima,Urb El Cercado
2025-10-10,México,Estado de México,Tecámac
2025-12-08,México,Jalisco,Tlajomulco De Zúñiga
2025-10-09,México,Jalisco,El Limón
2025-08-21,México,Jalisco,El Salto
2025-11-28,México,Baja California,Tijuana
2025-08-12,México,Nayarit,Bahía De Banderas
2025-10-28,México,Michoacán de Ocampo,Tarímbaro
2025-09-08,México,Nuevo León,Guadalupe
2025-09-28,México,Michoacán de Ocampo,Zacapu
2025-11-22,México,Michoacán de Ocampo,Uruapan
2025-12-02,México,Aguascalientes,Aguascalientes
2025-10-31,México,Hidalgo,Progreso De Obregón
2025-12-24,México,Tamaulipas,Valle Hermoso
2025-08-31,México,Jalisco,Tonalá
2025-10-07,Estados Unidos,Georgia,Riverdale
2025-10-03,México,Sonora,Hermosillo
2026-01-02,México,Ciudad de México,Iztacalco
2025-09-02,México,Estado de México,Coacalco De Berriozábal
2025-11-23,México,Hidalgo,Mixquiahuala De Juárez
2025-10-25,México,Baja California,Tijuana
2025-11-21,México,Michoacán de Ocampo,Morelia
2025-12-01,México,Michoacán de Ocampo,Zitácuaro
2025-11-07,México,Hidalgo,Pachuca De Soto
2025-08-14,México,Ciudad de México,Gustavo A. Madero
2025-12-04,México,Jalisco,Guadalajara
2025-11-18,México,San Luis Potosí,San Luis Potosí
2025-12-05,México,Estado de México,Chicoloapan
2025-08-30,México,Ciudad de México,Azcapotzalco
2025-08-12,México,Ciudad de México,Venustiano Carranza
2025-11-27,México,San Luis Potosí,San Luis Potosí
2025-09-13,México,Estado de México,Chimalhuacán
2025-09-21,México,Baja California,Mexicali
2025-11-19,México,Chihuahua,Chihuahua
2025-12-23,México,Michoacán de Ocampo,Morelia
2025-12-11,México,Chiapas,Tuxtla Gutiérrez
2025-08-15,México,Tlaxcala,La Magdalena Tlaltelulco
2025-12-05,México,Jalisco,Zapopan
2025-11-18,México,Sonora,Hermosillo
2025-11-21,México,Jalisco,Zapopan
2025-09-10,México,Jalisco,Zapopan
2025-11-10,México,Guanajuato,León De Los Aldama
2025-11-28,México,Chihuahua,Juárez
2025-10-18,México,Estado de México,Ecatepec De Morelos
2025-11-07,México,Estado de México,Ecatepec De Morelos
2025-10-22,México,Ciudad de México,Gustavo A. Madero
2025-08-27,México,Guerrero,Chilapa De Álvarez
2025-09-17,México,Estado de México,Cuautitlán Izcalli
2025-08-26,México,Jalisco,Puerto Vallarta
2025-11-18,México,Zacatecas,Cuauhtémoc
2025-09-03,México,Ciudad de México,Benito Juárez
2025-10-11,México,Jalisco,Guadalajara
2025-11-29,México,Nuevo León,Guadalupe
2025-12-21,México,Estado de México,Tianguistenco
2025-09-07,México,Estado de México,Coyotepec
2025-09-22,México,Jalisco,Degollado
2025-09-10,México,Ciudad de México,Azcapotzalco
2025-12-02,México,Durango,Durango
2025-09-05,México,Michoacán de Ocampo,Venustiano Carranza
2025-10-15,México,Puebla,Puebla
2025-12-18,México,Oaxaca,Trinidad Zaachila
2025-11-21,México,Nayarit,Tepic
2025-11-23,México,Nuevo León,San Pedro Garza García
2025-10-06,México,Oaxaca,Heroica Ciudad De Huajuapan De León
2025-08-22,México,Tamaulipas,Matamoros
2025-08-25,México,Guanajuato,León De Los Aldama
2025-10-25,México,Baja California Sur,La Paz
2025-11-01,México,San Luis Potosí,San Luis Potosí
2025-09-13,México,Estado de México,Ecatepec De Morelos
2025-09-13,México,Estado de México,Cuautitlán Izcalli
2025-10-24,México,Coahuila De Zaragoza,Torreón
2025-12-02,México,Nuevo León,Juárez
2025-11-21,México,Chiapas,Jitotol
2025-08-19,México,Veracruz de Ignacio de la Llave,Orizaba
2025-09-01,Estados Unidos,California,South Gate
2025-08-25,Estados Unidos,Illinois,Chicago
2025-12-16,México,Jalisco,Zapopan
2025-08-21,Estados Unidos,Michigan,Midland
2025-09-06,Estados Unidos,Colorado,Ignacio
2025-10-14,México,Estado de México,Chimalhuacán
2025-11-24,México,Ciudad de México,Iztapalapa
2025-08-15,México,Jalisco,Tlajomulco De Zúñiga
2025-11-28,México,Durango,Durango
2025-10-07,México,Puebla,Puebla
2025-11-18,México,Jalisco,Zapopan
2025-08-12,Estados Unidos,Texas,Garland
2025-12-04,México,Chihuahua,Camargo
2025-11-21,México,Estado de México,Ecatepec De Morelos
2025-08-15,México,San Luis Potosí,San Luis Potosí
2025-09-20,Estados Unidos,Tennessee,Bell Buckle
2025-09-15,México,San Luis Potosí,Santa María Del Río
2025-10-27,México,Guanajuato,Villagrán
2025-11-08,México,Sonora,Guaymas
2025-11-14,México,Baja California,Mexicali
2025-10-25,México,Durango,Durango
2025-09-30,México,Estado de México,Ecatepec De Morelos
2025-12-11,México,Tabasco,Comalcalco
2025-08-28,México,Guerrero,Cuajinicuilapa
2025-12-12,México,Estado de México,Ecatepec De Morelos
2025-08-15,México,Estado de México,Cocotitlán
2025-11-12,México,Guerrero,Teloloapan
2025-10-08,México,Michoacán de Ocampo,Los Reyes
2025-09-26,Estados Unidos,Texas,Houston
2025-08-17,México,Tabasco,Nacajuca
2025-10-27,México,Baja California,Tijuana
2025-10-29,México,Ciudad de México,Iztapalapa
2025-08-28,Estados Unidos,Ohio,Amelia
2025-11-05,México,Estado de México,Huixquilucan
2025-11-18,México,Tamaulipas,Reynosa
2025-09-24,México,Estado de México,Otzolotepec
2025-12-01,México,Tamaulipas,Tampico
2025-11-18,México,Ciudad de México,Cuajimalpa De Morelos
2025-08-12,México,Quintana Roo,Tulum
2025-10-16,México,Guanajuato,Irapuato
2025-12-04,México,Jalisco,El Limón
2025-12-09,México,Jalisco,Zapopan
2025-12-05,México,Ciudad de México,Álvaro Obregón
2025-09-26,México,Michoacán de Ocampo,Morelia
2025-12-08,México,Jalisco,San Pedro Tlaquepaque
2026-02-13,México,Ciudad de México,La Magdalena Contreras
2025-09-21,Estados Unidos,Florida,Naples
2025-10-04,México,Jalisco,Tonalá
2025-12-24,México,Aguascalientes,Aguascalientes
2025-12-12,México,Durango,Gómez Palacio
2025-08-23,México,Puebla,Zacatlán
2025-10-28,México,Guerrero,Acapulco De Juárez
2025-10-21,México,Ciudad de México,Xochimilco
2025-11-29,México,Baja California,Tijuana
2025-08-18,Estados Unidos,California,Sunnyvale
2025-11-15,México,Tlaxcala,Papalotla De Xicohténcatl
2025-12-02,México,Ciudad de México,Tláhuac
2025-11-18,México,Querétaro,Querétaro
2025-09-06,México,Zacatecas,General Enrique Estrada
2025-10-20,México,Chihuahua,Ojinaga
2025-10-03,México,Hidalgo,Tula De Allende
2025-08-16,México,Jalisco,Guachinango
2025-10-10,México,Nayarit,Tepic
2025-09-21,México,Ciudad de México,Gustavo A. Madero
2025-10-25,México,Jalisco,Tlajomulco De Zúñiga
2026-01-21,México,Veracruz de Ignacio de la Llave,Xalapa
2025-09-21,México,Estado de México,Nezahualcóyotl
2025-11-14,México,Guanajuato,Moroleón
2025-11-18,México,Sinaloa,Ahome
2025-12-17,México,Jalisco,Tala
2025-09-07,México,Michoacán de Ocampo,Morelia
2025-08-25,México,Estado de México,Tlalnepantla De Baz
2025-10-18,México,Puebla,Chignahuapan
2025-10-15,México,Querétaro,El Marqués
2026-01-19,México,Baja California,Tijuana
2025-11-18,México,Michoacán de Ocampo,Morelia
2025-08-30,México,Estado de México,Aculco
2025-11-13,México,Ciudad de México,Cuauhtémoc
2025-12-08,México,Guanajuato,León De Los Aldama
2025-08-19,México,Michoacán de Ocampo,Uruapan
2025-12-17,México,Baja California,Playas De Rosarito
2025-09-10,México,Nayarit,Tepic
2025-12-30,México,Chiapas,Tuxtla Gutiérrez
2026-01-05,México,Nuevo León,Cadereyta Jiménez
2025-10-15,México,Estado de México,La Paz
2025-08-22,México,Estado de México,Cuautitlán Izcalli
2025-11-25,México,Estado de México,Chicoloapan
2025-10-20,México,Guanajuato,León De Los Aldama
2025-12-16,México,Tamaulipas,Victoria
2025-11-20,México,Chiapas,Pichucalco
2025-09-29,México,Tamaulipas,Matamoros
2025-11-05,México,Sonora,Nogales
2025-11-10,México,Chihuahua,Juárez
2025-11-20,México,Ciudad de México,Tlalpan
2025-12-17,México,Ciudad de México,Miguel Hidalgo
2025-12-24,México,Tamaulipas,Nuevo Laredo
2025-12-06,México,Veracruz de Ignacio de la Llave,Río Blanco
2025-12-20,México,Jalisco,Zapopan
2025-12-18,México,Nuevo León,Santa Catarina
2025-11-20,México,Coahuila De Zaragoza,Torreón
2025-09-23,México,Oaxaca,San Pedro Mixtepec -Dto. 22 -
2025-11-20,México,Querétaro,Querétaro
2025-11-18,México,Coahuila De Zaragoza,Saltillo
2025-11-14,México,Baja California,Tijuana
2025-11-11,México,Morelos,Yautepec
2025-10-15,México,Jalisco,Zapopan
2025-09-22,México,Hidalgo,Tezontepec De Aldama
2025-11-16,México,Sinaloa,Culiacán
2025-10-17,México,Quintana Roo,Benito Juárez
2025-11-11,México,Chihuahua,Cuauhtémoc
2025-11-19,México,Baja California,Tijuana
2025-08-28,Estados Unidos,Illinois,Addison
2025-11-12,México,Tamaulipas,Reynosa
2025-11-14,México,Guanajuato,Apaseo El Alto
2025-12-26,México,Ciudad de México,Venustiano Carranza
2025-11-28,México,Ciudad de México,Álvaro Obregón
2025-12-11,México,Tabasco,Comalcalco
2025-10-18,México,Jalisco,Zapopan
2025-10-24,México,Jalisco,Puerto Vallarta
2025-08-27,México,Baja California,Tijuana
2025-09-28,México,Veracruz de Ignacio de la Llave,Medellín De Bravo
2025-12-11,México,Jalisco,Tala
2025-10-22,México,Baja California,Mexicali
2025-12-04,México,Estado de México,Chimalhuacán
2025-09-28,México,Hidalgo,Calnali
2025-11-02,México,Jalisco,Tonalá
2025-10-28,México,Veracruz de Ignacio de la Llave,Las Choapas
2025-12-11,México,Chihuahua,Chihuahua
2025-11-08,México,Zacatecas,Guadalupe
2026-01-20,México,Tamaulipas,Valle Hermoso
2025-12-18,México,Michoacán de Ocampo,Morelia
2025-08-12,Estados Unidos,California,Vallejo
2025-11-13,México,Baja California,Tijuana
2025-11-14,México,Querétaro,Querétaro
2025-11-05,México,Estado de México,Tlalnepantla De Baz
2025-11-28,México,Guanajuato,Celaya
2025-10-27,México,Oaxaca,Villa De Tamazulápam Del Progreso
2026-02-19,México,Morelos,Yautepec
2025-08-30,México,Baja California,Tijuana
2025-12-18,México,Michoacán de Ocampo,Morelia
2025-12-05,México,Veracruz de Ignacio de la Llave,Soconusco
2025-11-11,México,Sonora,San Luis Río Colorado
2026-02-11,México,Chiapas,Tuxtla Gutiérrez
2025-12-16,México,Baja California,Tijuana
2025-12-29,México,Chihuahua,Ascensión
2025-09-15,México,Estado de México,Nezahualcóyotl
2026-02-10,México,Coahuila De Zaragoza,Acuña
2025-08-14,México,Guanajuato,León De Los Aldama
2025-09-13,México,Guanajuato,León De Los Aldama
2025-09-10,Estados Unidos,Colorado,Denver
2025-10-28,México,Estado de México,Cuautitlán Izcalli
2025-11-09,México,Michoacán de Ocampo,Morelia
2025-11-18,México,Sinaloa,Culiacán
2025-11-12,México,Querétaro,Querétaro
2025-11-18,México,Michoacán de Ocampo,Indaparapeo
2026-01-05,México,Ciudad de México,Azcapotzalco
2025-09-10,México,Jalisco,Zapopan
2025-10-15,México,Aguascalientes,Aguascalientes
2025-11-12,México,Puebla,Juan C. Bonilla
2025-10-06,México,Chihuahua,Chihuahua
2025-09-13,México,Oaxaca,Ánimas Trujano
2025-11-26,México,Ciudad de México,La Magdalena Contreras
2025-11-11,México,Tamaulipas,Nuevo Laredo
2025-11-26,México,Ciudad de México,Cuauhtémoc
2025-09-18,México,Baja California,Mexicali
2025-09-17,México,Sinaloa,Culiacán
2025-12-21,México,Estado de México,La Paz
2025-10-27,México,Hidalgo,Mineral De La Reforma
2025-11-06,México,Jalisco,La Huerta
2025-12-05,México,Sonora,Hermosillo
2025-11-01,México,Estado de México,Cuautitlán
2025-12-12,México,Quintana Roo,Othón P. Blanco
2025-09-03,México,Guanajuato,León De Los Aldama
2025-09-10,México,Estado de México,Otzolotepec
2025-10-08,México,Jalisco,Tlajomulco De Zúñiga
2025-11-03,México,Hidalgo,Tizayuca
2025-08-16,Estados Unidos,California,Los Angeles
2025-09-25,México,Nuevo León,Guadalupe
2025-09-28,Estados Unidos,Nueva York,Brooklyn
2025-12-01,México,Estado de México,Tequixquiac
2025-09-20,México,Jalisco,Ocotlán
2025-10-03,México,Sinaloa,Culiacán
2025-08-29,México,Ciudad de México,Azcapotzalco
2025-12-03,México,Estado de México,San Mateo Atenco
2025-10-14,México,Estado de México,Tultitlán
2025-10-07,México,Puebla,Puebla
2025-09-03,México,Aguascalientes,Aguascalientes
2025-09-04,México,Estado de México,Nezahualcóyotl
2025-12-05,México,Sonora,Caborca
2025-09-22,México,Guanajuato,León De Los Aldama
2025-09-15,México,Jalisco,Guadalajara
2025-12-19,México,Baja California,Ensenada
2025-12-26,México,Ciudad de México,Gustavo A. Madero
2025-11-19,México,Michoacán de Ocampo,Morelia
2025-11-12,México,Michoacán de Ocampo,Tingambato
2025-12-17,México,Guanajuato,León De Los Aldama
2025-12-02,México,Nuevo León,Monterrey
2025-08-30,México,Guerrero,Acapulco De Juárez
2025-12-09,México,Estado de México,San Mateo Atenco
2025-12-05,México,Colima,Manzanillo
2025-11-20,México,Michoacán de Ocampo,Tuxpan
2025-11-28,México,Veracruz de Ignacio de la Llave,Xalapa
2025-12-01,México,Guanajuato,León De Los Aldama
2025-11-19,México,Michoacán de Ocampo,Morelia
2025-09-11,México,Estado de México,Valle De Chalco Solidaridad
2025-11-19,México,Baja California,Playas De Rosarito
2025-12-31,México,Veracruz de Ignacio de la Llave,Xalapa
2025-09-21,México,Estado de México,Tecámac
2026-02-03,México,Coahuila De Zaragoza,Parras
2025-11-12,México,Oaxaca,Villa De Zaachila
2025-10-16,México,Tabasco,Centro
2026-02-11,México,Ciudad de México,Cuauhtémoc
2025-10-13,México,Durango,Durango
2025-11-23,México,Jalisco,Guadalajara
2025-08-20,México,Veracruz de Ignacio de la Llave,Córdoba
2025-11-18,México,Jalisco,Tototlán
2025-11-28,México,Jalisco,Tonalá
2025-08-14,México,Jalisco,Zapopan
2025-09-17,México,Michoacán de Ocampo,Zamora
2025-10-25,México,Oaxaca,Santa Lucía Del Camino
2025-11-18,México,Jalisco,Guadalajara
2025-09-24,Estados Unidos,Florida,Stuart
2025-12-03,México,Sonora,Guaymas
2025-11-25,México,Ciudad de México,Xochimilco
2025-11-19,México,Estado de México,Naucalpan De Juárez
2025-12-18,México,Estado de México,Nezahualcóyotl
2025-12-18,México,Jalisco,Tonalá
2025-10-13,México,Querétaro,Corregidora
2025-09-28,México,Jalisco,Guadalajara
2025-12-06,México,Baja California,Tijuana
2025-10-15,México,Ciudad de México,Cuauhtémoc
2025-11-28,México,Chiapas,Comitán De Domínguez
2026-01-03,México,Guanajuato,Celaya
2025-10-22,México,Querétaro,El Marqués
2025-08-31,Estados Unidos,Georgia,Duluth
2025-10-29,México,Michoacán de Ocampo,Tarímbaro
2025-11-01,México,Chiapas,Tapachula
2025-12-14,México,Ciudad de México,Coyoacán
2025-10-01,México,Sinaloa,Guasave
2025-10-11,México,Guanajuato,León De Los Aldama
2025-12-16,México,Oaxaca,San Bartolo Coyotepec
2025-12-11,México,Estado de México,Tultepec
2025-11-28,México,Baja California,Tijuana
2025-11-29,México,Durango,Durango
2025-11-04,México,Estado de México,Tlalnepantla De Baz
2025-10-02,México,Sinaloa,Guasave
2025-12-02,México,Veracruz de Ignacio de la Llave,Boca Del Río
2025-11-18,México,Durango,Durango
2025-08-19,México,Jalisco,Zapopan
2025-10-21,México,Quintana Roo,Benito Juárez
2025-10-11,México,Baja California,Tijuana
2025-11-03,México,Estado de México,Nezahualcóyotl
2025-09-21,Estados Unidos,Washington,Seattle
2025-08-16,México,Baja California,Tijuana
2025-10-20,México,Morelos,Cuernavaca
2025-11-18,México,Hidalgo,Tizayuca
2025-12-11,México,Guerrero,Chilpancingo De Los Bravo
2025-12-10,México,Jalisco,Tepatitlán De Morelos
2025-09-09,México,Michoacán de Ocampo,Tacámbaro
2025-12-09,México,Durango,Durango
2025-08-26,México,Estado de México,Chimalhuacán
2025-10-07,México,Ciudad de México,Tláhuac
2025-09-08,México,Jalisco,San Pedro Tlaquepaque
2025-08-21,México,Aguascalientes,Aguascalientes
2025-09-25,México,Hidalgo,Mineral De La Reforma
2025-10-14,México,Baja California,Mexicali
2025-12-02,México,Chihuahua,Chihuahua
2025-10-04,México,Baja California,Tijuana
2025-11-01,México,Estado de México,Nezahualcóyotl
2025-10-13,México,Durango,Durango
2025-10-10,México,Chihuahua,Buenaventura
2025-09-08,México,Estado de México,San Felipe Del Progreso
2025-09-09,México,Sinaloa,Culiacán
2025-11-29,México,Michoacán de Ocampo,Hidalgo
2025-09-29,México,Tlaxcala,Tlaxcala
2025-12-03,México,Nuevo León,Anáhuac
2025-11-29,México,Oaxaca,Villa De Tamazulápam Del Progreso
2025-08-14,México,Sinaloa,Mazatlán
2025-11-27,México,Jalisco,Tala
2025-12-15,México,Coahuila De Zaragoza,Monclova
2025-09-10,México,Estado de México,Juchitepec
2025-10-07,México,Veracruz de Ignacio de la Llave,Poza Rica De Hidalgo
2025-10-15,México,Hidalgo,Metepec
2025-08-23,México,Jalisco,Puerto Vallarta
2025-11-27,México,Jalisco,Tonalá
2025-11-19,México,Nuevo León,Apodaca
2025-09-13,México,Estado de México,Ixtlahuaca
2025-09-06,México,Chiapas,Tuxtla Gutiérrez
2025-10-02,México,Quintana Roo,Solidaridad
2025-12-17,México,Jalisco,Tlajomulco De Zúñiga
2025-11-28,México,Nuevo León,Monterrey
2025-12-15,México,Coahuila De Zaragoza,Torreón
2025-11-18,México,Oaxaca,Santa María Huatulco
2025-11-18,México,Michoacán de Ocampo,Morelia
2025-09-11,México,Coahuila De Zaragoza,Torreón
2025-12-02,México,Baja California,Tijuana
2025-08-15,México,Nayarit,Xalisco
2025-10-02,México,Jalisco,Zapopan
2025-11-08,México,Sinaloa,Rosario
2025-12-11,México,Guanajuato,Santa Cruz De Juventino Rosas
2025-10-09,México,Estado de México,Cuautitlán
2025-11-19,México,Baja California,Mexicali
2025-10-18,México,Guanajuato,León De Los Aldama
2025-08-26,México,Jalisco,Guadalajara
2025-09-08,México,Jalisco,El Salto
2025-11-22,México,Baja California,Tijuana
2025-11-20,México,Ciudad de México,Iztacalco
2025-08-12,México,Nayarit,Tepic
2025-11-19,México,Sonora,Cajeme
2025-10-08,México,Jalisco,Zapopan
2025-11-05,México,Chihuahua,Juárez
2025-12-09,México,Chiapas,Tuxtla Gutiérrez
2025-09-30,Estados Unidos,California,San Fernando
2025-08-27,México,Guanajuato,León De Los Aldama
2025-09-06,México,Guanajuato,Villagrán
2025-11-18,México,Baja California,Tijuana
2025-11-12,México,Michoacán de Ocampo,Tingambato
2025-08-28,México,Baja California,Tijuana
2025-12-09,México,Veracruz de Ignacio de la Llave,Río Blanco
2025-12-23,México,Guanajuato,Salamanca
2025-11-18,México,Jalisco,Guadalajara
2025-08-20,México,Michoacán de Ocampo,Tangancícuaro
2026-02-14,México,Nuevo León,Allende
2025-09-30,Estados Unidos,Texas,Midland
2025-10-18,México,Michoacán de Ocampo,Tuxpan
2025-10-09,México,Puebla,Puebla
2025-10-13,México,Durango,Durango
2025-12-20,México,Coahuila De Zaragoza,Saltillo
2025-09-25,Estados Unidos,Washington,Seattle
2025-12-12,México,Jalisco,San Pedro Tlaquepaque
2025-12-09,México,Ciudad de México,Coyoacán
2025-08-16,México,Estado de México,Nezahualcóyotl
2025-12-20,México,Coahuila De Zaragoza,Saltillo
2025-12-17,México,Querétaro,Corregidora
2025-09-27,México,Michoacán de Ocampo,Zamora
2025-09-15,México,Baja California,Tijuana
2025-09-28,México,Durango,Durango
2025-08-15,México,Estado de México,Ixtapan De La Sal
2025-10-07,México,Morelos,Yautepec
2025-11-20,México,Estado de México,Naucalpan De Juárez
2025-09-24,México,Sinaloa,Ahome
2025-08-27,México,Guerrero,Chilapa De Álvarez
2025-10-01,México,Jalisco,San Pedro Tlaquepaque
2025-11-12,México,Michoacán de Ocampo,Puruándiro
2025-08-20,México,Ciudad de México,Azcapotzalco
2025-11-20,México,Nayarit,Bahía De Banderas
2025-08-18,México,Baja California,Tijuana
2025-12-11,México,Baja California,Playas De Rosarito
2025-12-19,México,Puebla,Acatzingo
2025-09-13,México,Nuevo León,Apodaca
2025-12-13,México,Estado de México,Cuautitlán
2025-10-15,México,Jalisco,San Pedro Tlaquepaque
2025-12-14,México,Jalisco,Guadalajara
2025-11-03,México,Querétaro,Querétaro
2025-09-30,México,Guanajuato,León De Los Aldama
2025-12-30,México,Puebla,Puebla
2025-10-01,México,Jalisco,Zapotlanejo
2026-02-10,México,Baja California,Ensenada
2025-12-17,México,San Luis Potosí,Matehuala
2025-11-12,México,Baja California,Mexicali
2025-09-23,México,Baja California,Tijuana
2025-12-02,México,Guanajuato,Jaral Del Progreso
2025-12-18,México,Jalisco,Degollado
2025-09-23,México,Puebla,Puebla
2025-11-18,México,Chihuahua,Juárez
2025-12-26,México,Estado de México,Valle De Chalco Solidaridad
2025-11-06,México,Estado de México,La Paz
2025-11-18,México,Sinaloa,Mazatlán
2025-10-09,México,Estado de México,Ocoyoacac
2025-10-21,México,Jalisco,Zapopan
2025-11-12,México,Estado de México,Ocoyoacac
2025-11-22,México,Nayarit,Compostela
2025-11-23,México,Guerrero,Chilpancingo De Los Bravo
2025-12-23,México,Ciudad de México,Gustavo A. Madero
2025-09-12,México,Estado de México,Chicoloapan
2025-11-06,México,Nuevo León,Monterrey
2025-11-12,México,Michoacán de Ocampo,Tancítaro
2025-12-04,México,Ciudad de México,Iztapalapa
2025-11-19,México,Durango,Durango
2025-12-15,México,Ciudad de México,Benito Juárez
2025-11-21,México,Guanajuato,Dolores Hidalgo Cuna De La Independencia Nacional
2025-12-16,México,Jalisco,Amatitán
2025-10-01,Estados Unidos,Illinois,Hampshire
2025-11-28,México,Zacatecas,General Enrique Estrada
2025-09-08,México,Morelos,Cuautla
2025-08-22,México,Estado de México,Ecatepec De Morelos
2025-10-14,Estados Unidos,Texas,Waller
2025-10-17,Estados Unidos,Illinois,Skokie
2025-10-21,Estados Unidos,Georgia,Lawrenceville
2025-10-22,Estados Unidos,Michigan,Oakland
2025-10-24,Estados Unidos,California,Yuba City
2025-10-27,Estados Unidos,Texas,Crowley
2025-10-27,Estados Unidos,Texas,Garland
2025-10-27,Estados Unidos,Washington,Federal Way
2025-10-27,Estados Unidos,Ohio,Columbus
2025-10-21,Estados Unidos,Texas,Cypress
2025-10-29,Estados Unidos,Virginia,Virginia Beach
2025-10-31,Estados Unidos,Illinois,Northlake
2025-11-03,Estados Unidos,Texas,Denton
2025-11-03,Estados Unidos,Utah,Salt Lake City
2025-11-07,Estados Unidos,Texas,Kerrville
2025-11-07,Estados Unidos,California,Riverside
2025-11-10,Estados Unidos,Wisconsin,Sheboygan
2025-11-10,Estados Unidos,Texas,Fort Worth
2025-11-11,Estados Unidos,Utah,Layton
2025-11-11,Estados Unidos,California,Bloomington
2025-11-11,Estados Unidos,California,Santa Ana
2025-11-11,Estados Unidos,Maryland,Laurel
2025-11-11,Estados Unidos,Illinois,Addison
2025-11-11,Estados Unidos,Illinois,Addison
2025-11-15,Estados Unidos,Kentucky,Paducah
2025-11-19,Estados Unidos,Nueva York,Bronx
2025-11-20,Estados Unidos,Pensilvania,Hazleton
2025-11-20,Estados Unidos,California,Arleta
2025-11-20,Estados Unidos,Washington,Seattle
2025-11-26,Estados Unidos,Nueva York,Bronx
2025-11-24,Estados Unidos,Nueva York,Brooklyn
2025-11-21,Estados Unidos,Nueva Jersey,Bloomfield
2025-11-28,Estados Unidos,Georgia,Mc Donough
2025-12-01,Estados Unidos,Virginia,Richmond
2025-12-02,Estados Unidos,California,Tustin
2025-12-02,Estados Unidos,California,Los Angeles
2025-12-10,Estados Unidos,Texas,Elmendorf
2025-12-10,Estados Unidos,Alabama,Pelham
2025-12-08,Estados Unidos,Missouri,Columbia
2025-12-05,Estados Unidos,Illinois,Bolingbrook
2025-12-15,Estados Unidos,Georgia,Atlanta
2025-12-15,Estados Unidos,Wyoming,Gillette
2025-12-15,Estados Unidos,California,Buena Park
2025-12-18,México,Jalisco,Degollado
2025-12-17,Estados Unidos,California,Union City
2025-12-17,Estados Unidos,Washington,Burien
2025-12-17,Estados Unidos,Texas,Rockwall
2025-12-18,Estados Unidos,Texas,Houston
2025-12-19,Estados Unidos,Colorado,Greeley
2025-12-19,Estados Unidos,California,Escondido
2025-12-22,Estados Unidos,Illinois,Elgin
2025-12-23,Estados Unidos,Nebraska,Bellevue
2025-12-29,Estados Unidos,Washington,Seattle
2026-01-07,México,Estado de México,Tequixquiac
2026-01-07,México,Guanajuato,Leon
2026-01-05,México,Nuevo León,Guadalupe
2026-01-07,México,Ciudad de México,Azcapotzalco
2026-01-09,Estados Unidos,Illinois,Skokie
2026-01-09,México,Hidalgo,Tizayuca
2026-01-13,México,Baja California,Tijuana
2026-01-14,México,Estado de México,Valle De Bravo
2026-01-12,México,Jalisco,Zapopan
2026-01-14,México,Michoacán de Ocampo,Morelia
2026-01-14,México,Sinaloa,Culiacan
2026-01-08,México,Guerrero,Iguala De La Independencia
2026-01-13,México,Chihuahua,Chihuahua
2026-01-13,México,Veracruz de Ignacio de la Llave,Amatlan De Los Reyes
2026-01-19,Estados Unidos,Kentucky,Florence
2026-01-22,Estados Unidos,Montana,Great Falls
2026-02-03,México,Baja California,Tijuana
2026-01-28,México,Nuevo León,Guadalupe
2026-01-23,Estados Unidos,Maryland,New Carrollton
2026-01-26,México,Colima,Manzanillo
2026-01-23,México,Jalisco,Poncitlan
2026-01-27,México,Baja California,Playas De Rosarito
2026-01-27,México,Baja California,Tijuana
2026-01-20,México,Estado de México,Valle De Chalco Solidaridad
2026-01-20,México,San Luis Potosí,San Luis Potosi
2026-01-21,México,Colima,Manzanillo
2026-01-21,México,Yucatán,Merida
2026-01-21,México,Nuevo León,Guadalupe
2026-01-20,México,Chiapas,Comitan De Dominguez
2026-01-20,México,Estado de México,Ecatepec De Morelos
2026-01-19,México,Tamaulipas,Matamoros
2026-01-19,México,Guanajuato,Celaya
2026-01-19,México,Nuevo León,Monterrey
2026-01-27,México,Puebla,Puebla
2026-02-03,México,Jalisco,Zapopan
2026-01-30,México,Nayarit,Tepic
2026-01-30,México,Veracruz de Ignacio de la Llave,Boca Del Rio
2026-01-30,México,Veracruz de Ignacio de la Llave,Amatlan De Los Reyes
2026-01-30,México,Hidalgo,Tula De Allende
2026-01-23,México,Tamaulipas,Tampico
2026-01-23,México,Hidalgo,Pachuca De Soto
2026-01-28,México,Ciudad de México,Venustiano Carranza
2026-01-23,México,Ciudad de México,Benito Juarez
2026-01-26,México,Ciudad de México,Xochimilco
2026-01-19,México,Guerrero,Acapulco De Juarez
2026-01-26,México,Guanajuato,Celaya
2026-01-26,México,Tamaulipas,Altamira
2026-03-09,México,Baja California,Tijuana
2026-03-09,Estados Unidos,Minnesota,Oakdale
2026-03-09,Estados Unidos,Texas,Houston
2026-02-04,Estados Unidos,California,South San Francisco
2026-02-17,Estados Unidos,Texas,Spring
2026-02-20,Estados Unidos,Nebraska,Bloomfield
2026-02-27,Estados Unidos,California,San Jose
2026-02-25,México,Baja California,Tijuana
2026-02-25,México,Michoacán de Ocampo,Hidalgo
2026-02-25,México,Estado de México,Villa Guerrero
2026-02-25,México,Michoacán de Ocampo,Marcos Castellanos
2026-02-09,México,Baja California,Tijuana
2026-02-18,México,Puebla,Puebla
2026-02-28,México,Coahuila De Zaragoza,Muzquiz
2026-02-16,México,Guanajuato,Leon
2026-02-16,México,Tlaxcala,Calpulalpan
2026-02-09,México,Sinaloa,Mazatlan
2026-02-09,México,Baja California,Ensenada
2026-02-17,México,Jalisco,Tecalitlan
2026-03-09,México,Michoacán de Ocampo,Hidalgo
2026-03-02,México,Estado de México,Atenco
2026-03-05,México,Sonora,Nogales
2026-02-04,México,Baja California,Tijuana
2026-02-04,México,Baja California,Tijuana
2026-02-04,México,Baja California,Tijuana
2026-02-04,México,Guanajuato,Irapuato
2026-02-05,México,Jalisco,Zapopan
2026-02-05,México,Morelos,Cuernavaca
2026-02-05,México,Chiapas,Tuxtla Gutierrez
2026-02-05,México,Estado de México,Tlalnepantla De Baz
2026-03-05,México,Chihuahua,Chihuahua
2026-02-04,México,Guanajuato,Leon
2026-02-17,México,Guerrero,Chilpancingo De Los Bravo
2026-02-17,México,Hidalgo,Tulancingo De Bravo
2026-02-17,México,Nayarit,Tepic
2026-02-13,México,Jalisco,Zapopan
2026-02-13,México,Veracruz de Ignacio de la Llave,Cordoba
2026-02-13,México,Estado de México,Nezahualcoyotl
2026-02-16,México,Coahuila De Zaragoza,Monclova
2026-02-16,México,San Luis Potosí,Soledad De Graciano Sanchez
2026-02-16,México,Ciudad de México,Iztapalapa
2026-02-16,México,Chihuahua,Chihuahua
2026-02-16,México,Tamaulipas,El Mante
2026-02-17,México,Coahuila De Zaragoza,Saltillo
2026-02-19,México,Ciudad de México,Miguel Hidalgo
2026-02-09,México,Chihuahua,Cuauhtemoc
2026-02-26,México,Jalisco,Zapopan
2026-02-26,México,Chiapas,Tuxtla Gutierrez
2026-02-27,México,Estado de México,Atizapan De Zaragoza
2026-02-27,México,Jalisco,Tlaquepaque
2026-02-27,México,Nuevo León,Monterrey
2026-02-25,México,Estado de México,Tlalnepantla De Baz
2026-02-28,México,Jalisco,Zapopan
2026-02-25,México,Puebla,Puebla
2026-02-25,México,Nuevo León,Guadalupe
2026-03-09,México,Guanajuato,Acambaro
2026-03-11,México,Puebla,Puebla
2026-03-11,México,Nuevo León,San Pedro Garza Garcia
2026-03-12,México,Sonora,Guaymas
